ip,country,region,city,org,hostname,loc,lat,lon,status,fail_count,occ_count,classification
101.126.89.164,CN,Beijing,Beijing,AS137718 Beijing Volcano Engine Technology Co.; Ltd.,,"39.9075,116.3972",39.9075,116.3972,200,0,1,other
101.89.186.252,CN,Shanghai,Shanghai,AS4812 China Telecom (Group),,"31.2222,121.4581",31.2222,121.4581,200,0,1,other
103.149.28.125,VN,Hanoi,Hanoi,AS149124 WEBPX SOFTWARE COMPANY LIMITED,,"21.0245,105.8412",21.0245,105.8412,200,120,156,bruteforce
103.152.14.43,AE,Dubai,Dubai,AS138915 Kaopu Cloud HK Limited,,"25.0772,55.3093",25.0772,55.3093,200,110,151,bruteforce
103.29.69.96,JP,Tokyo,Tokyo,AS63949 Akamai Connected Cloud,li1542-96.members.linode.com,"35.6895,139.6917",35.6895,139.6917,200,0,1,other
103.63.25.115,ID,Jakarta,Jakarta,AS136052 PT Cloud Hosting Indonesia,ip103-63-25-115.cloudhost.web.id,"-6.2146,106.8451",-6.2146,106.8451,200,120,156,bruteforce
103.67.78.49,ID,Jakarta,Jakarta,AS136052 PT Cloud Hosting Indonesia,ip103-67-78-49.cloudhost.web.id,"-6.2146,106.8451",-6.2146,106.8451,200,102,142,bruteforce
103.82.21.8,VN,Hanoi,Hanoi,AS135905 VIETNAM POSTS AND TELECOMMUNICATIONS GROUP,,"21.0245,105.8412",21.0245,105.8412,200,118,155,bruteforce
104.208.108.166,HK,Hong Kong,Hong Kong,AS8075 Microsoft Corporation,,"22.2783,114.1747",22.2783,114.1747,200,100,146,bruteforce
1.13.19.219,CN,Jiangsu,Nanjing,AS45090 Shenzhen Tencent Computer Systems Company Limited,,"32.0617,118.7778",32.0617,118.7778,200,0,1,other
114.96.103.55,CN,Anhui,Hefei,AS140527 China Telecom,,"31.8639,117.2808",31.8639,117.2808,200,2,4,other
115.159.210.54,CN,Shanghai,Shanghai,AS45090 Shenzhen Tencent Computer Systems Company Limited,,"31.2222,121.4581",31.2222,121.4581,200,0,1,other
115.190.75.248,CN,Beijing,Beijing,AS137718 Beijing Volcano Engine Technology Co.; Ltd.,,"39.9075,116.3972",39.9075,116.3972,200,24,48,bruteforce
115.190.76.77,CN,Beijing,Beijing,AS137718 Beijing Volcano Engine Technology Co.; Ltd.,,"39.9075,116.3972",39.9075,116.3972,200,0,1,other
115.242.61.98,IN,Maharashtra,Artist Village,AS55836 Reliance Jio Infocomm Limited,,"19.0323,73.0428",19.0323,73.0428,200,100,135,bruteforce
118.193.43.167,HK,Hong Kong,Hong Kong,AS135377 UCLOUD INFORMATION TECHNOLOGY (HK) LIMITED,,"22.2783,114.1747",22.2783,114.1747,200,106,149,bruteforce
118.25.184.203,CN,Shanghai,Shanghai,AS45090 Shenzhen Tencent Computer Systems Company Limited,,"31.2222,121.4581",31.2222,121.4581,200,0,1,other
121.132.81.3,KR,Gyeonggi-do,Hwado,AS4766 Korea Telecom,,"37.6525,127.3075",37.6525,127.3075,200,301,317,bruteforce
121.52.154.238,PK,Sindh,Hyderabad,AS45773 PERN AS Content Servie Provider; Islamabad; Pakistan,mail.isra.edu.pk,"25.3969,68.3772",25.3969,68.3772,200,104,143,bruteforce
124.221.16.51,CN,Shanghai,Shanghai,AS45090 Shenzhen Tencent Computer Systems Company Limited,,"31.2222,121.4581",31.2222,121.4581,200,12,29,bruteforce
125.124.149.14,CN,Zhejiang,Shaoxing,AS58461 CT-HangZhou-IDC,,"30.0024,120.5786",30.0024,120.5786,200,0,1,other
135.237.125.221,US,Virginia,Washington,AS8075 Microsoft Corporation,azpdesgqnp9j.stretchoid.com,"38.7135,-78.1594",38.7135,-78.1594,200,0,2,other
140.249.81.156,CN,Shandong,Qingdao,AS58540 Jinan;250000,,"36.0649,120.3804",36.0649,120.3804,200,54,86,bruteforce
14.103.127.233,CN,Shanghai,Shanghai,AS4811 China Telecom (Group),,"31.2222,121.4581",31.2222,121.4581,200,0,1,other
14.103.138.116,CN,Shanghai,Shanghai,AS137718 Beijing Volcano Engine Technology Co.; Ltd.,,"31.2222,121.4581",31.2222,121.4581,200,0,1,other
14.103.158.69,CN,Shanghai,Shanghai,AS4811 China Telecom (Group),,"31.2222,121.4581",31.2222,121.4581,200,38,52,bruteforce
14.103.170.236,CN,Shanghai,Shanghai,AS4811 China Telecom (Group),,"31.2222,121.4581",31.2222,121.4581,200,0,1,other
14.103.79.11,CN,Jiangsu,Suzhou,AS4811 China Telecom (Group),,"31.3041,120.5954",31.3041,120.5954,200,4,6,other
14.195.83.210,IN,Madhya Pradesh,Ashta,AS45820 Tata Teleservices ISP AS,mail.tataidc.com,"23.0175,76.7221",23.0175,76.7221,200,106,149,bruteforce
14.29.185.239,CN,Guangdong,Shenzhen,AS4134 CHINANET-BACKBONE,,"22.5455,114.0683",22.5455,114.0683,200,62,94,bruteforce
147.185.132.51,US,South Carolina,Moncks Corner,AS396982 Google LLC,,"33.1963,-80.0143",33.1963,-80.0143,200,0,1,other
152.42.203.0,SG,Singapore,Singapore,AS14061 DigitalOcean; LLC,,"1.3215,103.6957",1.3215,103.6957,200,118,155,bruteforce
1.54.152.53,VN,Ho Chi Minh City (HCMC),Ho Chi Minh City,AS18403 FPT Telecom Company,,"10.8230,106.6296",10.823,106.6296,200,0,1,other
171.254.92.61,VN,Thừa Thiên Huế Province,Huế,AS7552 Viettel Group,dynamic-ip-adsl.viettel.vn,"16.4619,107.5955",16.4619,107.5955,200,276,276,bruteforce
1.71.54.169,CN,Shanxi,Taiyuan,AS4134 CHINANET-BACKBONE,,"37.8694,112.5603",37.8694,112.5603,200,88,130,bruteforce
172.236.228.38,US,California,Los Angeles,AS63949 Akamai Connected Cloud,172-236-228-38.ip.linodeusercontent.com,"34.0522,-118.2437",34.0522,-118.2437,200,0,3,other
175.126.166.172,KR,Seoul,Seoul,AS9318 SK Broadband Co Ltd,,"37.5660,126.9784",37.566,126.9784,200,96,131,bruteforce
179.33.186.151,CO,Santander Department,Bucaramanga,AS3816 COLOMBIA TELECOMUNICACIONES S.A. ESP BIC,,"7.1250,-73.1189",7.125,-73.1189,200,124,158,bruteforce
180.184.36.192,CN,Beijing,Beijing,AS137718 Beijing Volcano Engine Technology Co.; Ltd.,,"39.9075,116.3972",39.9075,116.3972,200,0,1,other
181.116.220.24,AR,Buenos Aires,La Plata,AS19037 AMX Argentina S.A.,,"-34.9213,-57.9544",-34.9213,-57.9544,200,116,152,bruteforce
182.42.80.121,CN,Inner Mongolia,Hohhot,AS4134 CHINANET-BACKBONE,,"40.8106,111.6522",40.8106,111.6522,200,0,1,other
185.102.75.74,KZ,Almaty,Almaty,AS48716 PS Internet Company LLP,,"43.2525,76.9115",43.2525,76.9115,200,110,111,bruteforce
185.169.6.22,IR,Tehran,Tehran,AS59441 Hostiran Network,185.169.6.22.static.hostiran.name,"35.6944,51.4215",35.6944,51.4215,200,1668,2493,bruteforce
185.247.137.216,GB,England,Manchester,AS211298 Driftnet Ltd,revolutionary.monitoring.internet-measurement.com,"53.4809,-2.2374",53.4809,-2.2374,200,0,2,other
190.129.122.185,BO,La Paz Department,La Paz,AS6568 EMPRESA NACIONAL DE TELECOMUNICACIONES SOCIEDAD ANONIMA,,"-16.5000,-68.1500",-16.5,-68.15,200,66,90,bruteforce
192.145.169.91,SO,Banaadir,Mogadishu,AS37371 Hormuud Telecom Somalia INC,,"2.0371,45.3438",2.0371,45.3438,200,2714,3703,bruteforce
193.46.255.103,RO,Timiș County,Timişoara,AS47890 UNMANAGED LTD,hostingmailto005.statics.servermail.org,"45.7537,21.2257",45.7537,21.2257,200,0,9,other
193.46.255.159,RO,Timiș County,Timişoara,AS47890 UNMANAGED LTD,hostingmailto066.statics.servermail.org,"45.7537,21.2257",45.7537,21.2257,200,0,5,other
193.46.255.20,RO,Timiș County,Timişoara,AS47890 UNMANAGED LTD,hostingmailto112.statics.servermail.org,"45.7537,21.2257",45.7537,21.2257,200,0,3,other
193.46.255.217,RO,Timiș County,Timişoara,AS47890 UNMANAGED LTD,hostingmailto131.statics.servermail.org,"45.7537,21.2257",45.7537,21.2257,200,0,2,other
193.46.255.244,RO,Timiș County,Timişoara,AS47890 UNMANAGED LTD,hostingmailto161.statics.servermail.org,"45.7537,21.2257",45.7537,21.2257,200,0,5,other
193.46.255.33,RO,Timiș County,Timişoara,AS47890 UNMANAGED LTD,hostingmailto181.statics.servermail.org,"45.7537,21.2257",45.7537,21.2257,200,0,2,other
193.46.255.7,RO,Timiș County,Timişoara,AS47890 UNMANAGED LTD,hostingmailto221.statics.servermail.org,"45.7537,21.2257",45.7537,21.2257,200,0,3,other
193.46.255.99,RO,Timiș County,Timişoara,AS47890 UNMANAGED LTD,hostingmailto251.statics.servermail.org,"45.7537,21.2257",45.7537,21.2257,200,0,3,other
194.187.176.44,DE,State of Berlin,Berlin,AS208843 Alpha Strike Labs GmbH,,"52.5244,13.4105",52.5244,13.4105,200,0,1,other
195.178.110.15,NL,North Holland,Amsterdam,AS48090 TECHOFF SRV LIMITED,,"52.3740,4.8897",52.374,4.8897,200,0,2,other
196.251.114.29,NL,North Holland,Amsterdam,AS401116 Nybula LLC,,"52.3740,4.8897",52.374,4.8897,200,0,2,other
196.251.84.181,NL,North Holland,Amsterdam,AS401120 cheapy.host LLC,,"52.3740,4.8897",52.374,4.8897,200,888,937,bruteforce
196.251.88.103,NL,North Holland,Amsterdam,AS401120 cheapy.host LLC,,"52.3740,4.8897",52.374,4.8897,200,0,1,other
197.243.14.52,RW,Kigali,Kigali,AS37228 KT RWANDA NETWORK Ltd,,"-1.9500,30.0588",-1.95,30.0588,200,98,145,bruteforce
197.243.67.27,RW,Kigali,Kigali,AS37228 KT RWANDA NETWORK Ltd,,"-1.9500,30.0588",-1.95,30.0588,200,0,15,probe
198.235.24.165,BE,Brussels Capital,Brussels,AS396982 Google LLC,,"50.8505,4.3488",50.8505,4.3488,200,0,1,other
20.185.243.158,US,Virginia,Washington,AS8075 Microsoft Corporation,,"38.7135,-78.1594",38.7135,-78.1594,200,112,152,bruteforce
204.76.203.83,NL,Limburg,Hopel,AS51396 Pfcloud UG,hosted-by.pfcloud.io,"50.8924,6.0505",50.8924,6.0505,200,20,37,bruteforce
207.166.174.63,SG,Singapore,Singapore,AS150436 Byteplus Pte. Ltd.,,"1.2897,103.8501",1.2897,103.8501,200,70,89,bruteforce
20.88.55.220,US,Illinois,Chicago,AS8075 Microsoft Corporation,,"41.8500,-87.6500",41.85,-87.65,200,98,145,bruteforce
209.141.57.124,US,Nevada,Las Vegas,AS53667 FranTech Solutions,,"36.1750,-115.1372",36.175,-115.1372,200,110,151,bruteforce
210.245.54.206,VN,Hanoi,Hanoi,AS18403 FPT Telecom Company,,"21.0245,105.8412",21.0245,105.8412,200,124,158,bruteforce
220.250.41.11,CN,Fujian,Xiamen,AS4837 CHINA UNICOM China169 Backbone,,"24.4798,118.0819",24.4798,118.0819,200,42,69,bruteforce
222.222.210.183,CN,Hebei,Shijiazhuang,AS4134 CHINANET-BACKBONE,,"38.0414,114.4786",38.0414,114.4786,200,2,3,other
23.94.84.109,US,New York,Buffalo,AS36352 HostPapa,23-94-84-109-host.colocrossing.com,"42.8865,-78.8784",42.8865,-78.8784,200,110,151,bruteforce
36.50.54.25,VN,Ho Chi Minh City (HCMC),Ho Chi Minh City,AS151858 INTERDIGI JOINT STOCK COMPANY,,"10.8230,106.6296",10.823,106.6296,200,106,149,bruteforce
37.27.209.186,FI,Uusimaa,Helsinki,AS24940 Hetzner Online GmbH,static.186.209.27.37.clients.your-server.de,"60.1695,24.9354",60.1695,24.9354,200,100,146,bruteforce
43.156.119.102,SG,Singapore,Singapore,AS132203 Tencent Building; Kejizhongyi Avenue,,"1.2897,103.8501",1.2897,103.8501,200,70,95,bruteforce
43.160.200.211,SG,Singapore,Singapore,AS132203 Tencent Building; Kejizhongyi Avenue,,"1.2897,103.8501",1.2897,103.8501,200,118,155,bruteforce
43.225.158.169,HK,Kwai Tsing District,Kwai Chung,AS142403 YISU CLOUD LTD,,"22.3683,114.1388",22.3683,114.1388,200,110,149,bruteforce
45.140.17.97,RU,St.-Petersburg,Saint Petersburg,AS198953 Proton66 OOO,,"59.9386,30.3141",59.9386,30.3141,200,0,3,other
45.159.112.142,IR,Razavi Khorasan,Mashhad,AS61173 Green Web Samaneh Novin PJSC,static.142.112.159.45.clients.irandns.com,"36.2981,59.6057",36.2981,59.6057,200,1075,1351,bruteforce
45.82.78.100,SG,Singapore,Singapore,AS212512 Detai Prosperous Technologies Limited,,"1.2897,103.8501",1.2897,103.8501,200,0,1,other
49.248.175.215,IN,Maharashtra,Pune,AS17762 Tata Teleservices Maharashtra Ltd,mail.flame.edu.in,"18.5196,73.8554",18.5196,73.8554,200,2260,2828,bruteforce
5.129.203.54,RU,Moscow,Moscow,"AS9123 JSC TIMEWEB""""",,"55.7520,37.6178",55.752,37.6178,200,0,1,other
57.132.175.132,US,Texas,Missouri City,AS7459 Grande Communications Networks; LLC,57-132-175-132.dyn.grandenetworks.net,"29.6186,-95.5377",29.6186,-95.5377,200,0,1,other
58.20.236.52,CN,Hunan,Jishou,AS4837 CHINA UNICOM China169 Backbone,,"28.3193,109.7335",28.3193,109.7335,200,0,1,other
64.23.189.160,US,California,Santa Clara,AS14061 DigitalOcean; LLC,,"37.3541,-121.9552",37.3541,-121.9552,200,102,143,bruteforce
77.82.84.12,RU,Kamchatka,Petropavlovsk-Kamchatsky,AS34974 PJSC Rostelecom. Kamchatka branch,mail.kamchatintour.ru,"53.0639,158.6275",53.0639,158.6275,200,110,151,bruteforce
78.128.112.74,BG,Sofia-Capital,Sofia,AS208637 4 Vendeta Ltd,ip-112-74.4vendeta.com,"42.6975,23.3241",42.6975,23.3241,200,20,20,bruteforce
80.94.93.119,RO,Timiș County,Timişoara,AS47890 UNMANAGED LTD,,"45.7537,21.2257",45.7537,21.2257,200,0,1,other
80.94.93.176,RO,Timiș County,Timişoara,AS47890 UNMANAGED LTD,,"45.7537,21.2257",45.7537,21.2257,200,0,4,other
80.94.93.233,RO,Timiș County,Timişoara,AS47890 UNMANAGED LTD,,"45.7537,21.2257",45.7537,21.2257,200,0,6,other
81.211.72.167,RU,Moscow,Moscow,"AS3216 PJSC Vimpelcom""""",,"55.7520,37.6178",55.752,37.6178,200,114,153,bruteforce
8.137.104.94,CN,Sichuan,Chengdu,AS37963 Hangzhou Alibaba Advertising Co.;Ltd.,,"30.6667,104.0667",30.6667,104.0667,200,0,1,other
82.156.52.230,CN,Beijing,Beijing,AS45090 Shenzhen Tencent Computer Systems Company Limited,,"39.9075,116.3972",39.9075,116.3972,200,0,1,other
85.239.151.162,DE,Hesse,Frankfurt am Main,AS210644 AEZA INTERNATIONAL LTD,uttermostsidewalk.ptr.network,"50.1155,8.6842",50.1155,8.6842,200,76,101,bruteforce
87.106.90.97,DE,State of Berlin,Berlin,AS8560 IONOS SE,,"52.5244,13.4105",52.5244,13.4105,200,108,163,bruteforce
91.205.128.170,RU,Dagestan,Makhachkala,"AS47895 LTD Erline""""",,"42.9778,47.5003",42.9778,47.5003,200,100,146,bruteforce
91.237.163.114,RU,Moscow,Moscow,AS211724 Systematica LLC,,"55.7522,37.6156",55.7522,37.6156,200,108,148,bruteforce
95.240.192.149,IT,Lombardy,Milan,AS3269 Telecom Italia S.p.A.,host-95-240-192-149.business.telecomitalia.it,"45.4643,9.1895",45.4643,9.1895,200,102,138,bruteforce
95.90.13.168,DE,Rheinland-Pfalz,Ramstein-Miesenbach,AS3209 Vodafone GmbH,ip5f5a0da8.dynamic.kabel-deutschland.de,"49.4445,7.5553",49.4445,7.5553,200,100,146,bruteforce
98.91.26.229,US,Virginia,Ashburn,AS14618 Amazon.com; Inc.,ec2-98-91-26-229.compute-1.amazonaws.com,"39.0437,-77.4875",39.0437,-77.4875,200,0,1,other
